file,hash
chemi_alerts_dev.json,3305f3fa7d0fefde9cc68d43b36679ba
chemi_alerts_prod.json,0adce8cc2d93eb7c6b8b1be00b587b22
chemi_alerts_staging.json,3305f3fa7d0fefde9cc68d43b36679ba
chemi_amos_dev.json,08278d1486af6eb6e7d37420a39e9947
chemi_amos_prod.json,d28c00c1e3157aa8273a479a7b0afa9b
chemi_amos_staging.json,08278d1486af6eb6e7d37420a39e9947
chemi_arn_cats_dev.json,d6130b1ed00feea67ef9beae652ee4ed
chemi_arn_cats_staging.json,d6130b1ed00feea67ef9beae652ee4ed
chemi_descriptors_dev.json,c21e60c66ea98db935a44c41b69d4f2c
chemi_descriptors_prod.json,c21e60c66ea98db935a44c41b69d4f2c
chemi_descriptors_staging.json,c21e60c66ea98db935a44c41b69d4f2c
chemi_hazard_dev.json,1d979b402f6f31bfe676b21ad7ee2f0a
chemi_hazard_prod.json,a2da142d0efaefb5d2c2c790b1dcd5eb
chemi_hazard_staging.json,1d979b402f6f31bfe676b21ad7ee2f0a
chemi_ncc_cats_dev.json,5b74694ea65d1a54f120db73f2099972
chemi_ncc_cats_staging.json,5b74694ea65d1a54f120db73f2099972
chemi_pfas_atlas_dev.json,fdbef06fae2e281c81da0b4156af84f4
chemi_pfas_atlas_staging.json,fdbef06fae2e281c81da0b4156af84f4
chemi_pfas_cats_dev.json,1bb13f9e092a3c34572ce0354794af94
chemi_pfas_cats_staging.json,1bb13f9e092a3c34572ce0354794af94
chemi_resolver_dev.json,68303ccc562848e8d10baa512d2ca1be
chemi_resolver_prod.json,dbc2e124421e7622d3338bb34731dc79
chemi_resolver_staging.json,68303ccc562848e8d10baa512d2ca1be
chemi_safety_dev.json,70e585d4519dcd658139a4b0a8244473
chemi_safety_prod.json,2b9b37a6e690e4b781bcc4b204c700bf
chemi_safety_staging.json,70e585d4519dcd658139a4b0a8244473
chemi_search_dev.json,abf985b7e8939e745cdf94866368c12b
chemi_search_prod.json,b8cc5811c07f12eb41a919fbe6f78ea5
chemi_search_staging.json,abf985b7e8939e745cdf94866368c12b
chemi_services_dev.json,4a801d4eb99615e006bd7261bbba2ba5
chemi_services_prod.json,9970207b1510c10fc86d7dfd0d2c1619
chemi_services_staging.json,4a801d4eb99615e006bd7261bbba2ba5
chemi_stdizer_dev.json,0b0947f242e54cccae1a4c17d3e15d40
chemi_stdizer_prod.json,e0b80478de95ee5347ce90f32aefd075
chemi_stdizer_staging.json,0b0947f242e54cccae1a4c17d3e15d40
chemi_toxprints_dev.json,42e90142d0798539cb124ec8f68e0685
chemi_toxprints_prod.json,97289070b4704c2471cd9245013ca44a
chemi_toxprints_staging.json,42e90142d0798539cb124ec8f68e0685
chemi_webtest_dev.json,0e67d1ff3af9d14ee6aa9852d15f8475
chemi_webtest_prod.json,9e6a704fa6e4e7d49b98f1b81eec458d
chemi_webtest_staging.json,0cb5d598c4e478217f47c81935037158
chemi-alerts-dev.json,d66f2589d4c237e0ad2c51289680bbe9
chemi-alerts-prod.json,0adce8cc2d93eb7c6b8b1be00b587b22
chemi-alerts-staging.json,d66f2589d4c237e0ad2c51289680bbe9
chemi-amos-dev.json,c06db88c0b00971a044d786f97c95d27
chemi-amos-prod.json,d28c00c1e3157aa8273a479a7b0afa9b
chemi-amos-staging.json,6d4ffbf2d27ec8a1db95b624a2bac7a9
chemi-amos-ui-dev.json,63582488be7514038f3b9ee755c7518f
chemi-amos-ui-staging.json,5a9017b780df100c8d1e2e46144dcb76
chemi-arn_cats-dev.json,d6130b1ed00feea67ef9beae652ee4ed
chemi-arn_cats-staging.json,d6130b1ed00feea67ef9beae652ee4ed
chemi-chet-ui-dev.json,a7aa6651f6042cd62c5dd5e1a997362f
chemi-chet-ui-staging.json,a7aa6651f6042cd62c5dd5e1a997362f
chemi-descriptors-dev.json,a32c415e7430041e0880bf776b4081ec
chemi-descriptors-prod.json,c21e60c66ea98db935a44c41b69d4f2c
chemi-descriptors-staging.json,a32c415e7430041e0880bf776b4081ec
chemi-hazard-dev.json,6dff8a00dd881b9f4c5f6753f7dcb97f
chemi-hazard-prod.json,a2da142d0efaefb5d2c2c790b1dcd5eb
chemi-hazard-staging.json,6dff8a00dd881b9f4c5f6753f7dcb97f
chemi-ncc_cats-dev.json,5b74694ea65d1a54f120db73f2099972
chemi-ncc_cats-staging.json,5b74694ea65d1a54f120db73f2099972
chemi-padel-dev.json,d1e6bc379a0132b90709d6129b2e5b6d
chemi-padel-prod.json,a1227d998fe089111e1c587c1376e848
chemi-padel-staging.json,d1e6bc379a0132b90709d6129b2e5b6d
chemi-pfas_atlas-dev.json,fdbef06fae2e281c81da0b4156af84f4
chemi-resolver-dev.json,d7e4d02407b38d7410cac0666674cdd5
chemi-resolver-prod.json,dbc2e124421e7622d3338bb34731dc79
chemi-resolver-staging.json,b27fcf004c58d0db400e00f25fb6c532
chemi-safety-dev.json,70e585d4519dcd658139a4b0a8244473
chemi-safety-prod.json,2b9b37a6e690e4b781bcc4b204c700bf
chemi-safety-staging.json,70e585d4519dcd658139a4b0a8244473
chemi-search-dev.json,abf985b7e8939e745cdf94866368c12b
chemi-search-prod.json,b8cc5811c07f12eb41a919fbe6f78ea5
chemi-search-staging.json,abf985b7e8939e745cdf94866368c12b
chemi-services-dev.json,9a0feefd98f45d9f764c55b662cd110c
chemi-services-prod.json,9970207b1510c10fc86d7dfd0d2c1619
chemi-services-staging.json,9a0feefd98f45d9f764c55b662cd110c
chemi-stdizer-dev.json,15d20e1002bb4dbf8fe5848163586361
chemi-stdizer-prod.json,e0b80478de95ee5347ce90f32aefd075
chemi-stdizer-staging.json,15d20e1002bb4dbf8fe5848163586361
chemi-toxprints-dev.json,c860f4a4524083026f501d45b178a973
chemi-toxprints-prod.json,97289070b4704c2471cd9245013ca44a
chemi-toxprints-staging.json,c860f4a4524083026f501d45b178a973
chemi-webtest-dev.json,53a9e3ea8016a247ed25f45b39d20de7
chemi-webtest-prod.json,a58a55ad7ef0b00b8a6cd0ff130b0d32
chemi-webtest-staging.json,53a9e3ea8016a247ed25f45b39d20de7
ctx_bioactivity_prod.json,b7974fb4d536529d8ac582bc3c515166
ctx_chemical_prod.json,c00647f2eef17f7437004a712e4d5055
ctx_exposure_prod.json,90a9b3f52918c731821b27bc34c7172a
ctx_hazard_prod.json,1402c5047895dd5d9ca605639e61086f
ctx-bioactivity-dev.json,56845b903bb8982ccacaff8d780d8de2
ctx-bioactivity-prod.json,b7974fb4d536529d8ac582bc3c515166
ctx-bioactivity-staging.json,a3a89d4c997c4738b8ca1893200c9b7e
ctx-chemical-dev.json,c397cd1348784fae899a54cc630e38d7
ctx-chemical-prod.json,c00647f2eef17f7437004a712e4d5055
ctx-chemical-staging.json,9c70aa4b165b5a7163d2a1dfc86380a5
ctx-exposure-dev.json,b3edad679248cd7f614004854284607d
ctx-exposure-prod.json,90a9b3f52918c731821b27bc34c7172a
ctx-exposure-staging.json,bf66e0ee704b318f91e9512c71b115c1
ctx-hazard-dev.json,48e7ea1e7623c6b8cf25f630286ca779
ctx-hazard-prod.json,1402c5047895dd5d9ca605639e61086f
ctx-hazard-staging.json,c7cf08ed3a2f02ca2fc7d045cbe90e05
